<?xml version="1.0" encoding="UTF-8"?>
<con:soapui-project id="1af0f520-bee9-4579-9924-1a133e1fad65" created="3.47.0" activeEnvironment="Default environment" encryptionMode="Not encrypted" name="GIT REST Project" projectVersion="" updated="3.50.0 2023-12-13T08:40:33Z" xmlns:con="http://eviware.com/soapui/config">
  <con:settings/>
  <con:interface xsi:type="con:RestService" id="b1eeb85c-8848-4036-817d-f943c71c9785" wadlVersion="http://wadl.dev.java.net/2009/02" name="https://api.github.com" type="rest" xmlns:xsi="http://www.w3.org/2001/XMLSchema-instance">
    <con:settings id="bcd804ce-bc21-4660-986e-0f9fb56c74f0"/>
    <con:definitionCache type="TEXT" rootPart=""/>
    <con:endpoints>
      <con:endpoint>https://api.github.com</con:endpoint>
    </con:endpoints>
    <con:resource name="Emails" path="/user/emails" id="d1f4dacb-8d03-4387-a57c-52812bcaa467">
      <con:settings/>
      <con:parameters/>
      <con:method name="Emails" id="e85bbe64-bd81-40f7-9611-905c64c9df95" method="GET">
        <con:settings/>
        <con:parameters/>
        <con:representation type="RESPONSE">
          <con:mediaType>application/json; charset=utf-8</con:mediaType>
          <con:status>200</con:status>
          <con:params/>
          <con:element>Response</con:element>
        </con:representation>
        <con:request name="Request 1" id="d23b508d-9b15-437c-8d1f-1c7e68c020c2" mediaType="application/json">
          <con:settings/>
          <con:endpoint>https://api.github.com</con:endpoint>
          <con:credentials>
            <con:selectedAuthProfile>No Authorization</con:selectedAuthProfile>
            <con:authType>No Authorization</con:authType>
          </con:credentials>
          <con:parameters/>
        </con:request>
      </con:method>
    </con:resource>
    <con:resource name="Keys" path="/user/keys" id="6a44f9fd-e896-493c-bc69-b79b1fcbdc40">
      <con:settings/>
      <con:parameters/>
      <con:method name="Keys" id="497a6347-8990-4184-9772-fbccdfd3654d" method="POST">
        <con:settings/>
        <con:parameters/>
        <con:representation type="FAULT">
          <con:mediaType>application/json; charset=utf-8</con:mediaType>
          <con:status>400 422</con:status>
          <con:params/>
          <con:element xmlns:keys="https://api.github.com/user/keys">keys:Fault</con:element>
        </con:representation>
        <con:representation type="REQUEST">
          <con:mediaType>application/json</con:mediaType>
          <con:params/>
        </con:representation>
        <con:representation type="RESPONSE">
          <con:mediaType>application/json; charset=utf-8</con:mediaType>
          <con:status>201</con:status>
          <con:params/>
          <con:element xmlns:keys="https://api.github.com/user/keys">keys:Response</con:element>
        </con:representation>
        <con:request name="Request 1" id="688049d0-25ce-4fe5-8957-e700e808dce2" mediaType="application/json">
          <con:settings/>
          <con:endpoint>https://api.github.com</con:endpoint>
          <con:credentials>
            <con:selectedAuthProfile>No Authorization</con:selectedAuthProfile>
            <con:authType>No Authorization</con:authType>
          </con:credentials>
          <con:parameters/>
        </con:request>
      </con:method>
    </con:resource>
    <con:resource name="Keyid" path="/user/keys/{keyid}" id="b839777d-5172-41d1-9267-df68547ba58d">
      <con:settings/>
      <con:parameters/>
      <con:method name="Keyid" id="abc5fc61-5b67-4745-86f9-88f8a6b54151" method="DELETE">
        <con:settings/>
        <con:parameters>
          <con:parameter required="true">
            <con:name>keyid</con:name>
            <con:value>keyid</con:value>
            <con:style>TEMPLATE</con:style>
            <con:default>keyid</con:default>
            <con:path xsi:nil="true"/>
            <con:description xsi:nil="true"/>
          </con:parameter>
        </con:parameters>
        <con:representation type="FAULT">
          <con:mediaType>application/json; charset=utf-8</con:mediaType>
          <con:status>404</con:status>
          <con:params/>
          <con:element xmlns:key="https://api.github.com/user/keys/keyid">key:Fault</con:element>
        </con:representation>
        <con:representation type="REQUEST">
          <con:mediaType>application/json</con:mediaType>
          <con:params/>
        </con:representation>
        <con:representation type="RESPONSE">
          <con:mediaType xsi:nil="true"/>
          <con:status>204</con:status>
          <con:params/>
          <con:element>data</con:element>
        </con:representation>
        <con:request name="Request 1" id="0bf6766e-d666-4fe9-83c8-066b715e1122" mediaType="application/json" postQueryString="false">
          <con:settings/>
          <con:endpoint>https://api.github.com</con:endpoint>
          <con:request/><con:credentials>
            <con:selectedAuthProfile>No Authorization</con:selectedAuthProfile>
            <con:authType>No Authorization</con:authType>
          </con:credentials>
          <con:jmsConfig JMSDeliveryMode="PERSISTENT"/><con:parameters>
            <con:entry key="keyid" value="keyid"/>
          </con:parameters>
          <con:parameterOrder>
            <con:entry>keyid</con:entry>
          </con:parameterOrder>
        </con:request>
      </con:method>
    </con:resource>
  </con:interface>
  <con:testSuite id="27c1793e-02f9-4cd0-baf4-795b54029992" name="https://api.github.com Test Suite">
    <con:settings id="f6884cba-2108-44ee-977e-40f3e3671c2b"/>
    <con:runType>SEQUENTIAL</con:runType>
    <con:testCase id="c3f54693-57a5-463d-b022-e0f30daa944f" discardOkResults="false" failOnError="false" failTestCaseOnErrors="true" keepSession="false" name="Test Case" searchProperties="true" timeout="0">
      <con:settings>
        <con:setting id="IncludeOverview">true</con:setting>
        <con:setting id="IncludeResults">true</con:setting>
        <con:setting id="FlowLayout">false</con:setting>
        <con:setting id="ErrorDetails">true</con:setting>
        <con:setting id="IncludeCoverage">true</con:setting>
        <con:setting id="GeneratableJUnitReport@Style">Multiple Pages</con:setting>
        <con:setting id="GeneratableJUnitReport@Folder">C:\Users\002WVM744\Desktop\FST-M1\API\Project</con:setting>
      <con:setting id="GeneratableJUnitReport@Modify">false</con:setting></con:settings>
      <con:testStep type="restrequest" name="GET" id="949e8cb0-1392-444a-bc47-f145bf5268bb">
        <con:settings/>
        <con:config service="https://api.github.com" resourcePath="/user/emails" methodName="Emails" xsi:type="con:RestRequestStep" xmlns:xsi="http://www.w3.org/2001/XMLSchema-instance">
          <con:restRequest name="GET" id="d23b508d-9b15-437c-8d1f-1c7e68c020c2" mediaType="application/json">
            <con:settings>
              <con:setting id="com.eviware.soapui.impl.wsdl.WsdlRequest@request-headers">&lt;xml-fragment/></con:setting>
            </con:settings>
            <con:endpoint>https://api.github.com</con:endpoint>
            <con:request/>
            <con:originalUri>https://api.github.com/user/emails</con:originalUri>
            <con:assertion type="Valid HTTP Status Codes" id="2b37c8bc-6dd1-4ea2-98ea-2cd896a1e2ee" name="Valid HTTP Status Codes">
              <con:settings/>
              <con:configuration>
                <codes>200</codes>
              </con:configuration>
            </con:assertion>
            <con:credentials>
              <con:selectedAuthProfile>Git Authentication</con:selectedAuthProfile>
              <con:authType>No Authorization</con:authType>
            </con:credentials>
            <con:jmsConfig JMSDeliveryMode="PERSISTENT"/>
            <con:parameters/>
          </con:restRequest>
        </con:config>
      </con:testStep>
      <con:testStep type="restrequest" name="POST" id="7794f944-e36a-4d85-9bcc-3a89ea2ed9c9">
        <con:settings/>
        <con:config service="https://api.github.com" resourcePath="/user/keys" methodName="Keys" xsi:type="con:RestRequestStep" xmlns:xsi="http://www.w3.org/2001/XMLSchema-instance">
          <con:restRequest name="POST" id="688049d0-25ce-4fe5-8957-e700e808dce2" mediaType="application/json" postQueryString="false">
            <con:settings>
              <con:setting id="com.eviware.soapui.impl.wsdl.WsdlRequest@request-headers">&lt;xml-fragment/></con:setting>
            </con:settings>
            <con:endpoint>https://api.github.com</con:endpoint>
            <con:request>{
	"title":"TestKey",
	"key":"ssh-ed25519 AAAAC3NzaC1lZDI1NTE5AAAAIN12Y80BEJTgCPdzdfDPipS0N4SN4aRWON17Rjuus0C6"
}</con:request>
            <con:originalUri>https://api.github.com/user/keys</con:originalUri>
            <con:assertion type="Valid HTTP Status Codes" id="9837a257-df3f-4d9b-99fd-656fc2d587cf" name="Valid HTTP Status Codes">
              <con:settings/>
              <con:configuration>
                <codes>201</codes>
              </con:configuration>
            </con:assertion>
            <con:credentials>
              <con:selectedAuthProfile>Git Authentication</con:selectedAuthProfile>
              <con:authType>No Authorization</con:authType>
            </con:credentials>
            <con:jmsConfig JMSDeliveryMode="PERSISTENT"/>
            <con:parameters/>
          </con:restRequest>
        </con:config>
      </con:testStep>
      <con:testStep type="transfer" name="Property Transfer" id="331bd06e-1702-48f7-9ffa-c589d4cb4874">
        <con:settings/>
        <con:config xsi:type="con:PropertyTransfersStep" xmlns:xsi="http://www.w3.org/2001/XMLSchema-instance">
          <con:transfers setNullOnMissingSource="true" transferTextContent="true" failOnError="true" ignoreEmpty="false" transferToAll="false" entitize="false" transferChildNodes="false">
            <con:name>SSH key</con:name>
            <con:sourceType>Response</con:sourceType>
            <con:sourceStep>POST</con:sourceStep>
            <con:sourcePath>$['id']</con:sourcePath>
            <con:targetType>keyid</con:targetType>
            <con:targetStep>DELETE</con:targetStep>
            <con:targetPath/>
            <con:type>JSONPATH</con:type>
            <con:upgraded>true</con:upgraded>
          </con:transfers>
        </con:config>
      </con:testStep>
      <con:testStep type="restrequest" name="DELETE" id="09332e46-c0f1-4afa-9cc5-03e30a9adce2">
        <con:settings/>
        <con:config service="https://api.github.com" resourcePath="/user/keys/{keyid}" methodName="Keyid" xsi:type="con:RestRequestStep" xmlns:xsi="http://www.w3.org/2001/XMLSchema-instance">
          <con:restRequest name="DELETE" id="0bf6766e-d666-4fe9-83c8-066b715e1122" mediaType="application/json" postQueryString="false">
            <con:settings>
              <con:setting id="com.eviware.soapui.impl.wsdl.WsdlRequest@request-headers">&lt;xml-fragment/></con:setting>
            </con:settings>
            <con:endpoint>https://api.github.com</con:endpoint>
            <con:request/>
            <con:originalUri>https://api.github.com/user/keys/keyid</con:originalUri>
            <con:assertion type="Valid HTTP Status Codes" id="09d73682-cf3c-45ef-acbf-42e838b6cef3" name="Valid HTTP Status Codes">
              <con:settings/>
              <con:configuration>
                <codes>204</codes>
              </con:configuration>
            </con:assertion>
            <con:credentials>
              <con:selectedAuthProfile>Git Authentication</con:selectedAuthProfile>
              <con:authType>No Authorization</con:authType>
            </con:credentials>
            <con:jmsConfig JMSDeliveryMode="PERSISTENT"/>
            <con:parameters><con:entry key="keyid" value="92513662"/></con:parameters>
            <con:parameterOrder>
              <con:entry>keyid</con:entry>
            </con:parameterOrder>
          </con:restRequest>
        </con:config>
      </con:testStep>
      <con:properties/>
      <con:reportParameters/>
    </con:testCase>
    <con:properties/>
    <con:reportParameters/>
  </con:testSuite>
  <con:requirements/>
  <con:properties/>
  <con:wssContainer/>
  <con:databaseConnectionContainer/>
  <con:jmsConnectionContainer/>
  <con:oAuth2ProfileContainer>
    <con:oAuth2Profile>
      <con:name>Git Authentication</con:name>
      <con:type>OAuth 2.0</con:type>
      <con:accessToken>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</con:accessToken>
      <con:accessTokenPosition>HEADER</con:accessTokenPosition>
      <con:accessTokenStatus>ENTERED_MANUALLY</con:accessTokenStatus><con:accessTokenStartingStatus>ENTERED_MANUALLY</con:accessTokenStartingStatus>
      <con:oAuth2Flow>AUTHORIZATION_CODE_GRANT</con:oAuth2Flow>
      <con:refreshAccessTokenMethod>AUTOMATIC</con:refreshAccessTokenMethod>
      <con:jwtConfiguration/>
      <con:responseType>id_token</con:responseType>
    </con:oAuth2Profile>
    <con:oAuth2Profile>
      <con:name>GIT Authentication POST</con:name>
      <con:type>OAuth 2.0</con:type>
      <con:accessToken>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</con:accessToken>
      <con:accessTokenPosition>HEADER</con:accessTokenPosition>
      <con:accessTokenStartingStatus>ENTERED_MANUALLY</con:accessTokenStartingStatus>
      <con:oAuth2Flow>AUTHORIZATION_CODE_GRANT</con:oAuth2Flow>
      <con:refreshAccessTokenMethod>AUTOMATIC</con:refreshAccessTokenMethod>
      <con:jwtConfiguration/>
      <con:responseType>id_token</con:responseType>
    </con:oAuth2Profile>
    <con:oAuth2Profile>
      <con:name>GIT Authentication Delete</con:name>
      <con:type>OAuth 2.0</con:type>
      <con:accessToken>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</con:accessToken>
      <con:accessTokenPosition>HEADER</con:accessTokenPosition>
      <con:accessTokenStartingStatus>ENTERED_MANUALLY</con:accessTokenStartingStatus>
      <con:oAuth2Flow>AUTHORIZATION_CODE_GRANT</con:oAuth2Flow>
      <con:refreshAccessTokenMethod>AUTOMATIC</con:refreshAccessTokenMethod>
      <con:jwtConfiguration/>
      <con:responseType>id_token</con:responseType>
    </con:oAuth2Profile>
  </con:oAuth2ProfileContainer>
  <con:oAuth1ProfileContainer/>
  <con:reporting>
    <con:xmlTemplates/>
    <con:parameters/>
  </con:reporting>
  <con:eventHandlers type="RequestFilter.filterRequest" name="RequestFilter.filterRequest">
    <con:script>// Sample event script to add custom HTTP header to all outgoing REST, SOAP and HTTP(S) calls
// This code is often used for adding custom authentication to ReadyAPI functional tests

// If hardcoding the token, uncomment and change line 5
// token = '4567'

// If your token is parameterized in Project level custom property, uncomment line 8
// token = request.parent.testCase.testSuite.project.getProperty('auth_token').getValue()

// To modify all outgoing calls, remove comments from lines 11 to 16
// headers = request.requestHeaders
// if (headers.containsKey('auth_token2') == false) {
//   headers.put('auth_token2', token)
//   request.requestHeaders = headers
// }</con:script>
  </con:eventHandlers>
  <con:eventHandlers type="TestRunListener.afterStep" name="TestRunListener.afterStep">
    <con:script>// Save all test step results into files
// Change the directory path in line 5 to a location where you want to store details
// then uncomment lines 5 to 10

// filePath = 'C:\\tempOutputDirectory\\'
// fos = new java.io.FileOutputStream(filePath + testStepResult.testStep.label + '.txt', true)
// pw = new java.io.PrintWriter(fos)
// testStepResult.writeTo(pw)
// pw.close()
// fos.close()</con:script>
  </con:eventHandlers>
  <con:authRepository>
    <con:oAuth20AuthEntry>
      <con:name>Git Authentication</con:name>
      <con:type>OAuth 2.0</con:type>
      <con:accessToken>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</con:accessToken>
      <con:accessTokenPosition>HEADER</con:accessTokenPosition>
      <con:accessTokenStatus>ENTERED_MANUALLY</con:accessTokenStatus><con:accessTokenStartingStatus>ENTERED_MANUALLY</con:accessTokenStartingStatus>
      <con:oAuth2Flow>AUTHORIZATION_CODE_GRANT</con:oAuth2Flow>
      <con:refreshAccessTokenMethod>AUTOMATIC</con:refreshAccessTokenMethod>
      <con:jwtConfiguration/>
      <con:responseType>id_token</con:responseType>
    </con:oAuth20AuthEntry>
    <con:oAuth20AuthEntry>
      <con:name>GIT Authentication POST</con:name>
      <con:type>OAuth 2.0</con:type>
      <con:accessToken>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</con:accessToken>
      <con:accessTokenPosition>HEADER</con:accessTokenPosition>
      <con:accessTokenStartingStatus>ENTERED_MANUALLY</con:accessTokenStartingStatus>
      <con:oAuth2Flow>AUTHORIZATION_CODE_GRANT</con:oAuth2Flow>
      <con:refreshAccessTokenMethod>AUTOMATIC</con:refreshAccessTokenMethod>
      <con:jwtConfiguration/>
      <con:responseType>id_token</con:responseType>
    </con:oAuth20AuthEntry>
    <con:oAuth20AuthEntry>
      <con:name>GIT Authentication Delete</con:name>
      <con:type>OAuth 2.0</con:type>
      <con:accessToken>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</con:accessToken>
      <con:accessTokenPosition>HEADER</con:accessTokenPosition>
      <con:accessTokenStartingStatus>ENTERED_MANUALLY</con:accessTokenStartingStatus>
      <con:oAuth2Flow>AUTHORIZATION_CODE_GRANT</con:oAuth2Flow>
      <con:refreshAccessTokenMethod>AUTOMATIC</con:refreshAccessTokenMethod>
      <con:jwtConfiguration/>
      <con:responseType>id_token</con:responseType>
    </con:oAuth20AuthEntry>
  </con:authRepository>
  <con:tags/>
</con:soapui-project>